{
  "model": "google/gemma-4-31B-it",
  "mode": "list",
  "base": false,
  "nscr": 3,
  "ntpl": 13,
  "L": 45,
  "per": [
    {
      "si": 0,
      "rsa_imp": 0.7608827019228018,
      "rsa_nat": 0.3659942110514743,
      "crossings": 0,
      "acc_imp": 1.0,
      "acc_nat_revert": 0.0,
      "na": 0.0,
      "mean_ntok": 2.0,
      "frac_bare": 1.0
    },
    {
      "si": 1,
      "rsa_imp": 0.5778855963970646,
      "rsa_nat": -0.04815713303308872,
      "crossings": 0,
      "acc_imp": 1.0,
      "acc_nat_revert": 0.0,
      "na": 0.0,
      "mean_ntok": 2.0,
      "frac_bare": 1.0
    },
    {
      "si": 2,
      "rsa_imp": 0.6549370092500066,
      "rsa_nat": 0.04815713303308872,
      "crossings": 0,
      "acc_imp": 1.0,
      "acc_nat_revert": 0.0,
      "na": 0.0,
      "mean_ntok": 2.0,
      "frac_bare": 1.0
    }
  ],
  "rsa_imp": 0.6645684358566244,
  "rsa_nat": 0.12199807035049143,
  "crossings": 0.0,
  "acc_imp": 1.0,
  "acc_nat_revert": 0.0,
  "na": 0.0,
  "mean_ntok": 2.0,
  "frac_bare": 1.0
}