{
  "model": "Qwen/Qwen3.5-4B",
  "mode": "list",
  "base": false,
  "nscr": 3,
  "ntpl": 13,
  "L": 24,
  "per": [
    {
      "si": 0,
      "rsa_imp": -0.17336567891911941,
      "rsa_nat": -0.41415134408456294,
      "crossings": 2,
      "acc_imp": 0.7582417582417582,
      "acc_nat_revert": 0.14285714285714285,
      "na": 0.0,
      "mean_ntok": 1.0,
      "frac_bare": 1.0
    },
    {
      "si": 1,
      "rsa_imp": -0.2985742248051501,
      "rsa_nat": 0.25041709177206134,
      "crossings": 5,
      "acc_imp": 0.4945054945054945,
      "acc_nat_revert": 0.0989010989010989,
      "na": 0.0,
      "mean_ntok": 1.0,
      "frac_bare": 1.0
    },
    {
      "si": 2,
      "rsa_imp": -0.07705141285294195,
      "rsa_nat": 0.019262853213235488,
      "crossings": 0,
      "acc_imp": 0.6483516483516484,
      "acc_nat_revert": 0.16483516483516483,
      "na": 0.0,
      "mean_ntok": 1.0,
      "frac_bare": 1.0
    }
  ],
  "rsa_imp": -0.18299710552573714,
  "rsa_nat": -0.04815713303308871,
  "crossings": 2.3333333333333335,
  "acc_imp": 0.6336996336996337,
  "acc_nat_revert": 0.13553113553113552,
  "na": 0.0,
  "mean_ntok": 1.0,
  "frac_bare": 1.0
}