{
  "model": "google/gemma-4-E4B-it",
  "base": false,
  "noex": true,
  "res": {
    "days": {
      "N": 7,
      "imp_mean": 0.7204307101750074,
      "imp_std": 0.07307200301915849,
      "nat_ret_mean": 0.055862274318382935,
      "imp_cross": 0.2,
      "nat_cross": 2.2,
      "M": 2.0,
      "M_pc02": 0.5000000000000002,
      "M_pc12": 0.8999999999999999,
      "reorganized": true,
      "maxX": 14,
      "per": [
        0.866828394595597,
        0.5971484496103002,
        0.6645684358566244,
        0.7801455551360372,
        0.6934627156764777,
        0.7801455551360372,
        0.7223569954963308,
        0.6453055826433889,
        0.7223569954963308,
        0.7319884221029486
      ],
      "nat_per": [
        0.3082056514117678,
        0.14447139909926615,
        -0.6067798762169179,
        -0.19262853213235487,
        0.6453055826433889,
        0.2985742248051501,
        0.3563627844448566,
        0.06741998624632421,
        -0.2600485183786791,
        -0.20225995873897262
      ],
      "nsig": 10,
      "nscr": 10
    },
    "notes": {
      "N": 7,
      "imp_mean": 0.8177081189018466,
      "imp_std": 0.04096471172459334,
      "nat_ret_mean": 0.008668283945955974,
      "imp_cross": 0.0,
      "nat_cross": 3.9,
      "M": 3.9,
      "M_pc02": 0.3999999999999999,
      "M_pc12": 2.0,
      "reorganized": true,
      "maxX": 14,
      "per": [
        0.8571969679889792,
        0.7705141285294195,
        0.8283026881691259,
        0.7223569954963308,
        0.7897769817426551,
        0.8475655413823615,
        0.8379341147757438,
        0.8379341147757438,
        0.8379341147757438,
        0.8475655413823615
      ],
      "nat_per": [
        -0.11557711927941293,
        0.375625637658092,
        -0.2600485183786791,
        -0.3082056514117678,
        0.25041709177206134,
        0.057788559639706465,
        -0.009631426606617744,
        -0.24078566516544359,
        0.16373425231250166,
        0.17336567891911941
      ],
      "nsig": 10,
      "nscr": 10
    },
    "months": {
      "N": 12,
      "imp_mean": 0.583465333993515,
      "imp_std": 0.1297733994024644,
      "nat_ret_mean": 0.3084032868366969,
      "imp_cross": 2.1,
      "nat_cross": 9.1,
      "M": 7.0,
      "M_pc02": 4.6,
      "M_pc12": 4.3,
      "reorganized": true,
      "maxX": 54,
      "per": [
        0.7624852752430132,
        0.528804018883084,
        0.7150366586821785,
        0.6518142392968301,
        0.521934782169183,
        0.5861748662528871,
        0.3828963427563346,
        0.6893406250486969,
        0.6422736327497454,
        0.35389289885319697
      ],
      "nat_per": [
        0.4629102296645521,
        0.27845850308758024,
        0.11079824403347757,
        0.21803466162271015,
        0.39205532504153595,
        0.13471336444483667,
        0.3163665131013303,
        0.44204810334826006,
        0.19043050667981162,
        0.5382174173428743
      ],
      "nsig": 10,
      "nscr": 10
    },
    "zodiac": {
      "N": 12,
      "imp_mean": 0.7187638556399062,
      "imp_std": 0.11395652413818268,
      "nat_ret_mean": 0.09394317246696116,
      "imp_cross": 0.1,
      "nat_cross": 13.8,
      "M": 13.700000000000001,
      "M_pc02": 5.800000000000001,
      "M_pc12": 7.9,
      "reorganized": true,
      "maxX": 54,
      "per": [
        0.5838851206815867,
        0.6967186941117757,
        0.8054816087485418,
        0.7548527900053454,
        0.7621036509811298,
        0.5687473582935456,
        0.5256238167007224,
        0.8717570222289571,
        0.8304143938582567,
        0.7880541007892005
      ],
      "nat_per": [
        0.251490388581154,
        0.009922230808968138,
        0.4383590688167206,
        -0.00572436392825085,
        -0.041851460719878435,
        -0.036254304878922054,
        0.0,
        0.055335517973091546,
        0.11817631309655642,
        0.14997833492017226
      ],
      "nsig": 10,
      "nscr": 10
    },
    "clock": {
      "N": 12,
      "imp_mean": 0.511618206289602,
      "imp_std": 0.11698800797356695,
      "nat_ret_mean": 0.24824658235514518,
      "imp_cross": 2.7,
      "nat_cross": 9.5,
      "M": 6.8,
      "M_pc02": 4.8,
      "M_pc12": 8.299999999999999,
      "reorganized": true,
      "maxX": 54,
      "per": [
        0.5017086962893633,
        0.57714309205498,
        0.4629102296645521,
        0.33086823505289914,
        0.7752060839724595,
        0.48046494571118803,
        0.4672353046325638,
        0.4303449593171695,
        0.45527774442688423,
        0.6350227717739608
      ],
      "nat_per": [
        0.3385007202905669,
        0.2779496707384024,
        0.24105932542300804,
        0.15519386649924527,
        0.22019719910671604,
        0.2631935326122446,
        0.23457171297099041,
        0.08077713543198423,
        0.3292145299180711,
        0.34180813056022297
      ],
      "nsig": 10,
      "nscr": 10
    }
  }
}