{
  "model": "Qwen/Qwen3.5-2B-Base",
  "base": true,
  "noex": false,
  "res": {
    "months": {
      "N": 12,
      "imp_mean": 0.5436110402441595,
      "imp_std": 0.11814873488983732,
      "nat_ret_mean": 0.2675058867715269,
      "imp_cross": 1.1,
      "nat_cross": 6.3,
      "M": 5.199999999999999,
      "M_pc02": -0.1999999999999993,
      "M_pc12": -0.40000000000000036,
      "reorganized": true,
      "maxX": 54,
      "per": [
        0.38912953903376335,
        0.7534535010451063,
        0.447772467276511,
        0.4917864654803953,
        0.5987684668950389,
        0.45705865764900677,
        0.419786688071729,
        0.5402527467395858,
        0.704223971262149,
        0.6338778989883108
      ],
      "nat_per": [
        0.39459948678742524,
        0.33315798062419943,
        0.38378679936739585,
        0.255052215025399,
        0.26688256714378406,
        0.3299777784418379,
        0.22248694467801639,
        0.2030241073219635,
        0.0735262744561998,
        0.2125647138690482
      ],
      "nsig": 10,
      "nscr": 10
    },
    "zodiac": {
      "N": 12,
      "imp_mean": 0.6329620007597907,
      "imp_std": 0.1126305864466508,
      "nat_ret_mean": 0.07337362475144646,
      "imp_cross": 1.4,
      "nat_cross": 10.3,
      "M": 8.9,
      "M_pc02": 7.999999999999999,
      "M_pc12": 4.199999999999999,
      "reorganized": true,
      "maxX": 54,
      "per": [
        0.6912487463581137,
        0.769863344306092,
        0.38467725597845714,
        0.7114748322379335,
        0.5635318267144726,
        0.5617509134923501,
        0.6929024514929417,
        0.7038423470002656,
        0.5295672674068509,
        0.7207610226104292
      ],
      "nat_per": [
        0.08001388690821742,
        0.10927174698594402,
        -0.012466392554857406,
        0.42016831233361246,
        0.09235307137578037,
        -0.13420453209565883,
        -0.03307410269656046,
        0.050119986394018545,
        0.09820464339132569,
        0.06334962747264274
      ],
      "nsig": 10,
      "nscr": 10
    },
    "days": {
      "N": 7,
      "imp_mean": 0.4074093454599305,
      "imp_std": 0.18834549629344996,
      "nat_ret_mean": 0.2484908064507378,
      "imp_cross": 0.2,
      "nat_cross": 1.7,
      "M": 1.5,
      "M_pc02": -0.7999999999999998,
      "M_pc12": 1.0,
      "reorganized": true,
      "maxX": 14,
      "per": [
        0.3082056514117678,
        0.6356741560367711,
        0.31783707801838557,
        0.38525706426470974,
        0.6260427294301533,
        0.14447139909926615,
        0.5008341835441227,
        0.5971484496103002,
        0.06741998624632421,
        0.491202756937505
      ],
      "nat_per": [
        0.24078566516544359,
        0.3082056514117678,
        0.4430456239044162,
        0.24078566516544359,
        0.23115423855882586,
        0.45267705051103396,
        -0.07705141285294195,
        -0.11557711927941293,
        0.3563627844448566,
        0.40451991747794525
      ],
      "nsig": 5,
      "nscr": 10
    }
  }
}