{
  "model": "google/gemma-4-E4B",
  "base": true,
  "noex": false,
  "res": {
    "months": {
      "N": 12,
      "imp_mean": 0.26073841652746144,
      "imp_std": 0.1357319715765935,
      "nat_ret_mean": 0.45186856768739264,
      "imp_cross": 4.6,
      "nat_cross": 3.7,
      "M": -0.8999999999999995,
      "M_pc02": -1.4000000000000004,
      "M_pc12": -11.5,
      "reorganized": false,
      "maxX": 54,
      "per": [
        0.13674869384154809,
        0.5107404704872703,
        0.3720836553363052,
        0.25110876431927065,
        0.32387179025170365,
        0.29334184930103246,
        0.1102894116842997,
        0.39663481618413665,
        0.10532829627981564,
        0.10723641758923258
      ],
      "nat_per": [
        0.3854405045022239,
        0.45871236278383476,
        0.4138079079688892,
        0.46456393479938013,
        0.3872214177243463,
        0.34880457536141846,
        0.5926624787049046,
        0.5206627012962384,
        0.5246061520023668,
        0.4222036417303238
      ],
      "nsig": 6,
      "nscr": 10
    },
    "zodiac": {
      "N": 12,
      "imp_mean": 0.4438290165703826,
      "imp_std": 0.1134717815173993,
      "nat_ret_mean": 0.15397266886121844,
      "imp_cross": 5.1,
      "nat_cross": 9.5,
      "M": 4.4,
      "M_pc02": 5.1,
      "M_pc12": -2.1999999999999993,
      "reorganized": true,
      "maxX": 54,
      "per": [
        0.5931713110540826,
        0.4583307385219514,
        0.27705921412734114,
        0.5190089961614104,
        0.4293272946188137,
        0.27973058396052486,
        0.3368470151557389,
        0.5740900979599131,
        0.4023591801123875,
        0.5683657340316622
      ],
      "nat_per": [
        0.1068547933273492,
        0.15595711502301204,
        0.016155427086396845,
        0.40782912786604947,
        0.07479835532914444,
        -0.015010554300746673,
        0.11067103594618309,
        0.20200644262360778,
        0.09807743530403124,
        0.38238751040715674
      ],
      "nsig": 10,
      "nscr": 10
    },
    "days": {
      "N": 7,
      "imp_mean": 0.04526770505110339,
      "imp_std": 0.1987460691435179,
      "nat_ret_mean": 0.3370999312316211,
      "imp_cross": 3.0,
      "nat_cross": 1.9,
      "M": -1.1,
      "M_pc02": -0.19999999999999996,
      "M_pc12": -0.8,
      "reorganized": false,
      "maxX": 14,
      "per": [
        -0.009631426606617744,
        0.45267705051103396,
        0.028894279819853232,
        0.25041709177206134,
        0.16373425231250166,
        -0.2215228119522081,
        -0.10594569267279519,
        -0.09631426606617743,
        -0.16373425231250166,
        0.1541028257058839
      ],
      "nat_per": [
        0.25041709177206134,
        0.337099931231621,
        0.3563627844448566,
        0.42378277069118075,
        0.25041709177206134,
        0.6838312890698599,
        0.25041709177206134,
        -0.07705141285294195,
        0.40451991747794525,
        0.491202756937505
      ],
      "nsig": 0,
      "nscr": 10
    }
  }
}