{
  "model": "google/gemma-4-12B-it",
  "base": false,
  "noex": true,
  "res": {
    "days": {
      "N": 7,
      "imp_mean": 0.8071135496345668,
      "imp_std": 0.027847983842311293,
      "nat_ret_mean": -0.026004851837867902,
      "imp_cross": 0.0,
      "nat_cross": 3.7,
      "M": 3.7,
      "M_pc02": 1.9,
      "M_pc12": 0.8,
      "reorganized": true,
      "maxX": 14,
      "per": [
        0.8186712615625081,
        0.7994084083492727,
        0.7416198487095663,
        0.8090398349558905,
        0.7994084083492727,
        0.7994084083492727,
        0.8571969679889792,
        0.8283026881691259,
        0.7994084083492727,
        0.8186712615625081
      ],
      "nat_per": [
        0.25041709177206134,
        -0.057788559639706465,
        -0.41415134408456294,
        -0.2600485183786791,
        0.31783707801838557,
        0.10594569267279519,
        0.14447139909926615,
        0.08668283945955971,
        -0.13483997249264842,
        -0.2985742248051501
      ],
      "nsig": 10,
      "nscr": 10
    },
    "months": {
      "N": 12,
      "imp_mean": 0.5425297715021566,
      "imp_std": 0.05446730188790333,
      "nat_ret_mean": 0.14014514977231024,
      "imp_cross": 0.7,
      "nat_cross": 8.5,
      "M": 7.8,
      "M_pc02": 4.6,
      "M_pc12": 2.7,
      "reorganized": true,
      "maxX": 54,
      "per": [
        0.5682385259443677,
        0.4520975422445227,
        0.546104318755131,
        0.5396167063031134,
        0.47715753544153194,
        0.5859204500782982,
        0.5131574241458651,
        0.5023447367258357,
        0.6261182056633485,
        0.6145422697195524
      ],
      "nat_per": [
        0.09464281694708071,
        0.023915120411359108,
        0.3360837666319721,
        0.01793634030851933,
        0.06856515905171573,
        -0.00457949114260068,
        0.2653560700962505,
        0.07785134942421156,
        0.4454827217052106,
        0.07619764428938354
      ],
      "nsig": 10,
      "nscr": 10
    }
  }
}