{
  "model": "google/gemma-4-31B-it",
  "base": false,
  "noex": true,
  "res": {
    "days": {
      "N": 7,
      "imp_mean": 0.8697178225775823,
      "imp_std": 0.024762321008822478,
      "nat_ret_mean": -0.03274685046250031,
      "imp_cross": 0.0,
      "nat_cross": 3.8,
      "M": 3.8,
      "M_pc02": 2.9,
      "M_pc12": 2.3,
      "reorganized": true,
      "maxX": 14,
      "per": [
        0.866828394595597,
        0.8957226744154502,
        0.8571969679889792,
        0.866828394595597,
        0.8957226744154502,
        0.8764598212022148,
        0.8957226744154502,
        0.8186712615625081,
        0.8860912478088324,
        0.8379341147757438
      ],
      "nat_per": [
        0.3563627844448566,
        -0.2793113715919146,
        -0.5008341835441227,
        -0.24078566516544359,
        0.42378277069118075,
        0.07705141285294195,
        0.0,
        0.16373425231250166,
        -0.019262853213235488,
        -0.3082056514117678
      ],
      "nsig": 10,
      "nscr": 10
    },
    "notes": {
      "N": 7,
      "imp_mean": 0.8379341147757436,
      "imp_std": 0.02511568779975807,
      "nat_ret_mean": -0.014447139909926604,
      "imp_cross": 0.0,
      "nat_cross": 4.4,
      "M": 4.4,
      "M_pc02": 2.5999999999999996,
      "M_pc12": 1.6,
      "reorganized": true,
      "maxX": 14,
      "per": [
        0.8571969679889792,
        0.8090398349558905,
        0.8475655413823615,
        0.8571969679889792,
        0.8571969679889792,
        0.7994084083492727,
        0.8571969679889792,
        0.7994084083492727,
        0.866828394595597,
        0.8283026881691259
      ],
      "nat_per": [
        -0.21189138534559038,
        0.3274685046250033,
        -0.18299710552573714,
        -0.3082056514117678,
        0.17336567891911941,
        0.0,
        0.057788559639706465,
        -0.31783707801838557,
        0.019262853213235488,
        0.2985742248051501
      ],
      "nsig": 10,
      "nscr": 10
    },
    "months": {
      "N": 12,
      "imp_mean": 0.8112950183378989,
      "imp_std": 0.024265625364117933,
      "nat_ret_mean": 0.04874613905123834,
      "imp_cross": 0.0,
      "nat_cross": 14.9,
      "M": 14.9,
      "M_pc02": 9.7,
      "M_pc12": 8.799999999999999,
      "reorganized": true,
      "maxX": 54,
      "per": [
        0.8449161158098255,
        0.7799127832023547,
        0.8159126719066878,
        0.8212554115730551,
        0.8029374470026526,
        0.844534491547942,
        0.771771465615509,
        0.8351210930881517,
        0.7960682102887515,
        0.8005204933440576
      ],
      "nat_per": [
        0.2611582032155332,
        0.16257193556232413,
        0.008268525674140116,
        -0.08942728536800773,
        -0.06004221720298669,
        -0.013102432991329722,
        -0.008904566110612433,
        0.2284657247808561,
        0.014374513864274355,
        -0.015901010911807914
      ],
      "nsig": 10,
      "nscr": 10
    },
    "zodiac": {
      "N": 12,
      "imp_mean": 0.8553090165417832,
      "imp_std": 0.01585403225962998,
      "nat_ret_mean": 0.06491428694636464,
      "imp_cross": 0.0,
      "nat_cross": 16.6,
      "M": 16.6,
      "M_pc02": 10.5,
      "M_pc12": 11.1,
      "reorganized": true,
      "maxX": 54,
      "per": [
        0.8475874856430092,
        0.8347394688262685,
        0.8852410794821703,
        0.8577641326265663,
        0.8474602775557146,
        0.8339762203025015,
        0.8768453457207358,
        0.8502588554761928,
        0.8661598663880007,
        0.853057433396671
      ],
      "nat_per": [
        0.21778024544812122,
        0.07670647663856138,
        0.347023662139296,
        0.0002544161745889267,
        -0.09680535443108658,
        -0.11906676970761768,
        -0.0343461835695051,
        -0.010939895507323846,
        0.14845183787263871,
        0.12008443440597338
      ],
      "nsig": 10,
      "nscr": 10
    },
    "clock": {
      "N": 12,
      "imp_mean": 0.8241939183895575,
      "imp_std": 0.032981671841297654,
      "nat_ret_mean": -0.05046344822971362,
      "imp_cross": 0.0,
      "nat_cross": 18.7,
      "M": 18.7,
      "M_pc02": 12.7,
      "M_pc12": 10.7,
      "reorganized": true,
      "maxX": 54,
      "per": [
        0.8021741984788857,
        0.8244356137554169,
        0.8174391689542214,
        0.7869092280035501,
        0.8231635328824723,
        0.8501316473888985,
        0.8507676878253707,
        0.7601955296717128,
        0.8777358023317968,
        0.8489867746032482
      ],
      "nat_per": [
        0.07136373697219392,
        -0.14425397099192142,
        0.18852238537039465,
        -0.13382290783377543,
        -0.12758971155634674,
        -0.10978057933512186,
        -0.14730696508698854,
        -0.08268525674140116,
        -0.05126485917966873,
        0.03218364608549922
      ],
      "nsig": 10,
      "nscr": 10
    }
  }
}