{
  "model": "Qwen/Qwen3.5-27B",
  "base": false,
  "noex": true,
  "res": {
    "days": {
      "N": 7,
      "imp_mean": 0.6713104344812567,
      "imp_std": 0.03948884908713275,
      "nat_ret_mean": -0.00963142660661775,
      "imp_cross": 0.0,
      "nat_cross": 2.3,
      "M": 2.3,
      "M_pc02": 1.0,
      "M_pc12": 1.5000000000000002,
      "reorganized": true,
      "maxX": 14,
      "per": [
        0.7319884221029486,
        0.6164113028235356,
        0.6645684358566244,
        0.6838312890698599,
        0.6453055826433889,
        0.7030941422830953,
        0.6645684358566244,
        0.6549370092500066,
        0.6164113028235356,
        0.7319884221029486
      ],
      "nat_per": [
        0.2985742248051501,
        0.057788559639706465,
        -0.31783707801838557,
        -0.23115423855882586,
        0.3274685046250033,
        -0.019262853213235488,
        -0.028894279819853232,
        0.31783707801838557,
        -0.2985742248051501,
        -0.20225995873897262
      ],
      "nsig": 10,
      "nscr": 10
    },
    "notes": {
      "N": 7,
      "imp_mean": 0.7281358514603015,
      "imp_std": 0.0595592967808059,
      "nat_ret_mean": 0.05682541697904468,
      "imp_cross": 0.0,
      "nat_cross": 2.7,
      "M": 2.7,
      "M_pc02": 2.5999999999999996,
      "M_pc12": 2.1,
      "reorganized": true,
      "maxX": 14,
      "per": [
        0.7705141285294195,
        0.6164113028235356,
        0.7705141285294195,
        0.7030941422830953,
        0.6549370092500066,
        0.7801455551360372,
        0.7223569954963308,
        0.7030941422830953,
        0.8283026881691259,
        0.7319884221029486
      ],
      "nat_per": [
        0.06741998624632421,
        0.6356741560367711,
        -0.3274685046250033,
        -0.34673135783823883,
        0.3274685046250033,
        -0.028894279819853232,
        -0.028894279819853232,
        -0.06741998624632421,
        -0.009631426606617744,
        0.34673135783823883
      ],
      "nsig": 10,
      "nscr": 10
    },
    "months": {
      "N": 12,
      "imp_mean": 0.7063865087461549,
      "imp_std": 0.051074070811128844,
      "nat_ret_mean": 0.12021164249326784,
      "imp_cross": 0.1,
      "nat_cross": 10.5,
      "M": 10.4,
      "M_pc02": 3.6,
      "M_pc12": 4.300000000000001,
      "reorganized": true,
      "maxX": 54,
      "per": [
        0.8332129717787348,
        0.6551216495664862,
        0.7521814201721617,
        0.7016798095162597,
        0.6505421584238854,
        0.700916560992493,
        0.6655527127246321,
        0.6892134169614023,
        0.6993900639449593,
        0.7160543233805341
      ],
      "nat_per": [
        0.2962676353088051,
        0.12097489101703464,
        0.057879679718980816,
        0.0735262744561998,
        0.10825408228758829,
        -0.03320131078385493,
        0.0002544161745889267,
        0.39001999564482454,
        0.06703866200418218,
        0.12110209910432909
      ],
      "nsig": 10,
      "nscr": 10
    },
    "zodiac": {
      "N": 12,
      "imp_mean": 0.7234196716348835,
      "imp_std": 0.03369359962210457,
      "nat_ret_mean": 0.05360548798588686,
      "imp_cross": 0.1,
      "nat_cross": 13.8,
      "M": 13.700000000000001,
      "M_pc02": 8.899999999999999,
      "M_pc12": 7.1,
      "reorganized": true,
      "maxX": 54,
      "per": [
        0.6853971743425684,
        0.7154182829440618,
        0.7539623333942841,
        0.7178352366026566,
        0.7208882306977237,
        0.6767470244065449,
        0.7400966518791876,
        0.702315849952732,
        0.7208882306977237,
        0.8006477014313522
      ],
      "nat_per": [
        0.21803466162271015,
        0.0686923671390102,
        0.3318858997512548,
        -0.008522941848729043,
        -0.0759432281147946,
        -0.11766748074737858,
        -0.05088323491778534,
        -0.055462726060386006,
        0.08421175378893472,
        0.14170980924603213
      ],
      "nsig": 10,
      "nscr": 10
    },
    "clock": {
      "N": 12,
      "imp_mean": 0.6744318372177858,
      "imp_std": 0.06003178092069496,
      "nat_ret_mean": 0.037450060899490004,
      "imp_cross": 0.4,
      "nat_cross": 13.4,
      "M": 13.0,
      "M_pc02": 7.699999999999999,
      "M_pc12": 5.1,
      "reorganized": true,
      "maxX": 54,
      "per": [
        0.6394750548292671,
        0.7180896527772455,
        0.6584290598361422,
        0.6062737440454122,
        0.8015381580424135,
        0.6946833647150643,
        0.6471075400669349,
        0.5981324264585666,
        0.7370436577841206,
        0.64354571362269
      ],
      "nat_per": [
        0.04426841437847324,
        -0.03205643799820476,
        0.16320797599879647,
        -0.08344850526516795,
        0.12542717407234083,
        -0.011194311681912771,
        0.0005088323491778534,
        -0.011703144031090625,
        0.018826796919580575,
        0.16066381425290718
      ],
      "nsig": 10,
      "nscr": 10
    }
  }
}