{
  "model": "Qwen/Qwen3.5-4B",
  "base": false,
  "noex": true,
  "res": {
    "days": {
      "N": 7,
      "imp_mean": 0.31494765003640024,
      "imp_std": 0.14396002846595427,
      "nat_ret_mean": 0.24078566516544359,
      "imp_cross": 1.7,
      "nat_cross": 1.4,
      "M": -0.30000000000000004,
      "M_pc02": 0.9000000000000001,
      "M_pc12": -2.2,
      "reorganized": false,
      "maxX": 14,
      "per": [
        0.4623084771176517,
        0.2215228119522081,
        0.41415134408456294,
        0.3082056514117678,
        0.42378277069118075,
        0.4334141972977985,
        -0.028894279819853232,
        0.3563627844448566,
        0.18299710552573714,
        0.375625637658092
      ],
      "nat_per": [
        0.3082056514117678,
        0.34673135783823883,
        0.009631426606617744,
        0.09631426606617743,
        0.337099931231621,
        0.39488849087132755,
        0.48157133033088717,
        0.3274685046250033,
        0.07705141285294195,
        0.028894279819853232
      ],
      "nsig": 1,
      "nscr": 10
    },
    "notes": {
      "N": 7,
      "imp_mean": 0.4979447555621374,
      "imp_std": 0.19939844598125697,
      "nat_ret_mean": -0.10112997936948631,
      "imp_cross": 0.7,
      "nat_cross": 3.1,
      "M": 2.4000000000000004,
      "M_pc02": 1.7999999999999998,
      "M_pc12": 4.2,
      "reorganized": true,
      "maxX": 14,
      "per": [
        0.5778855963970646,
        0.5875170230036825,
        0.5489913165772115,
        0.6453055826433889,
        0.2793113715919146,
        0.7319884221029486,
        0.491202756937505,
        0.39488849087132755,
        0.6838312890698599,
        0.038525706426470976
      ],
      "nat_per": [
        -0.2215228119522081,
        0.31783707801838557,
        -0.3659942110514743,
        -0.25041709177206134,
        -0.18299710552573714,
        -0.019262853213235488,
        -0.2793113715919146,
        -0.10594569267279519,
        -0.04815713303308872,
        0.14447139909926615
      ],
      "nsig": 7,
      "nscr": 10
    },
    "months": {
      "N": 12,
      "imp_mean": 0.45970458586473156,
      "imp_std": 0.09240143283006351,
      "nat_ret_mean": 0.37717197882808373,
      "imp_cross": 2.7,
      "nat_cross": 4.6,
      "M": 1.8999999999999995,
      "M_pc02": 0.09999999999999964,
      "M_pc12": -3.2,
      "reorganized": false,
      "maxX": 54,
      "per": [
        0.6577930193996698,
        0.43785023646754273,
        0.5607332487939943,
        0.42627430052374665,
        0.3598716789560368,
        0.4350516585470646,
        0.3556738120753195,
        0.546104318755131,
        0.42118597703196814,
        0.39650760809684216
      ],
      "nat_per": [
        0.3673769561064101,
        0.3549105635515527,
        0.3835323831928069,
        0.3271792005213597,
        0.3649600024478153,
        0.2787129192621691,
        0.46392789436290777,
        0.4489173400621611,
        0.3412992982110451,
        0.44090323056260994
      ],
      "nsig": 10,
      "nscr": 10
    },
    "zodiac": {
      "N": 12,
      "imp_mean": 0.6004221720298668,
      "imp_std": 0.09552802248079591,
      "nat_ret_mean": 0.18898033448465473,
      "imp_cross": 1.3,
      "nat_cross": 12.7,
      "M": 11.399999999999999,
      "M_pc02": 4.4,
      "M_pc12": 3.5999999999999996,
      "reorganized": false,
      "maxX": 54,
      "per": [
        0.44522830553062165,
        0.61390622928308,
        0.7409871084902488,
        0.7343722879509367,
        0.5621325377542336,
        0.5412704114379414,
        0.4948394595754623,
        0.5985140507204499,
        0.709185086666633,
        0.5637862428890615
      ],
      "nat_per": [
        0.30898844403825143,
        0.07759693324962263,
        0.4339067857614144,
        0.13840239897637613,
        0.08968170154259665,
        0.06424008408370398,
        0.09756860295485335,
        0.05139206726696319,
        0.3471508702265904,
        0.28087545674617503
      ],
      "nsig": 10,
      "nscr": 10
    },
    "clock": {
      "N": 12,
      "imp_mean": 0.5758328487558472,
      "imp_std": 0.0948575797374279,
      "nat_ret_mean": 0.19680363185326422,
      "imp_cross": 1.1,
      "nat_cross": 7.7,
      "M": 6.6,
      "M_pc02": 6.4,
      "M_pc12": 2.5,
      "reorganized": false,
      "maxX": 54,
      "per": [
        0.6266270380125264,
        0.6576658113123754,
        0.6178496799892084,
        0.556789798087866,
        0.6766198163192505,
        0.4711787553386922,
        0.5206627012962384,
        0.38200588614527337,
        0.702315849952732,
        0.546613151104309
      ],
      "nat_per": [
        0.28978002285678744,
        0.0793778464717451,
        0.19424674929864552,
        0.09667814634379214,
        0.19768136765559602,
        0.2030241073219635,
        0.13242361887353632,
        0.27909454352405255,
        0.17605599281553724,
        0.3196739233709864
      ],
      "nsig": 10,
      "nscr": 10
    }
  }
}