{
  "model": "google/gemma-4-31B",
  "base": true,
  "noex": false,
  "res": {
    "months": {
      "N": 12,
      "imp_mean": 0.617442614109866,
      "imp_std": 0.05565201312719134,
      "nat_ret_mean": 0.15720375427849778,
      "imp_cross": 1.7,
      "nat_cross": 8.3,
      "M": 6.6000000000000005,
      "M_pc02": 5.0,
      "M_pc12": 4.0,
      "reorganized": true,
      "maxX": 54,
      "per": [
        0.5229524468675387,
        0.7399694437918931,
        0.6125069403228409,
        0.6048744550851731,
        0.6177224719019139,
        0.5551360929530379,
        0.6319697776788938,
        0.667715250208638,
        0.6024575014265784,
        0.619121760862153
      ],
      "nat_per": [
        0.16320797599879647,
        0.3031368720227061,
        0.260267746604472,
        0.20073436175066314,
        0.10736362567652705,
        0.10125763748639283,
        0.16740584287951374,
        0.06296800321075935,
        0.11550494326337268,
        0.0901905338917745
      ],
      "nsig": 10,
      "nscr": 10
    },
    "zodiac": {
      "N": 12,
      "imp_mean": 0.6660997074999984,
      "imp_std": 0.036639464736656066,
      "nat_ret_mean": 0.07154182829440617,
      "imp_cross": 0.5,
      "nat_cross": 9.2,
      "M": 8.7,
      "M_pc02": 7.699999999999999,
      "M_pc12": 10.3,
      "reorganized": true,
      "maxX": 54,
      "per": [
        0.697100318373659,
        0.6644078399389819,
        0.6581746436615532,
        0.6976091507228369,
        0.6839978853823293,
        0.738824571006243,
        0.6289167835838266,
        0.6448177944956346,
        0.6104716109261294,
        0.6366764769087889
      ],
      "nat_per": [
        0.08790078832047417,
        0.07708810090044478,
        -0.039307298973989165,
        0.35007665623436307,
        0.07543439576561675,
        -0.10227530218474852,
        -0.031165981387143514,
        0.09248027946307484,
        0.09222586328848591,
        0.11296078151748343
      ],
      "nsig": 10,
      "nscr": 10
    },
    "days": {
      "N": 7,
      "imp_mean": 0.36310478306948896,
      "imp_std": 0.16643428450146297,
      "nat_ret_mean": 0.2841270848952234,
      "imp_cross": 0.5,
      "nat_cross": 1.1,
      "M": 0.6000000000000001,
      "M_pc02": 0.3999999999999999,
      "M_pc12": 0.10000000000000009,
      "reorganized": false,
      "maxX": 14,
      "per": [
        0.4623084771176517,
        0.5586227431838292,
        0.3659942110514743,
        0.42378277069118075,
        0.4623084771176517,
        -0.009631426606617744,
        0.4334141972977985,
        0.13483997249264842,
        0.3082056514117678,
        0.491202756937505
      ],
      "nat_per": [
        0.24078566516544359,
        0.39488849087132755,
        0.3659942110514743,
        0.4623084771176517,
        0.2889427981985323,
        0.6164113028235356,
        -0.019262853213235488,
        0.17336567891911941,
        0.038525706426470976,
        0.2793113715919146
      ],
      "nsig": 4,
      "nscr": 10
    }
  }
}