{
  "model": "Qwen/Qwen3.5-9B",
  "base": false,
  "noex": true,
  "res": {
    "days": {
      "N": 7,
      "imp_mean": 0.10498255001213341,
      "imp_std": 0.174828301670339,
      "nat_ret_mean": 0.43919305326176916,
      "imp_cross": 2.1,
      "nat_cross": 0.5,
      "M": -1.6,
      "M_pc02": -0.19999999999999996,
      "M_pc12": -0.9000000000000001,
      "reorganized": false,
      "maxX": 14,
      "per": [
        0.08668283945955971,
        -0.12520854588603067,
        0.09631426606617743,
        -0.08668283945955971,
        0.26967994498529685,
        0.038525706426470976,
        0.375625637658092,
        -0.04815713303308872,
        0.04815713303308872,
        0.39488849087132755
      ],
      "nat_per": [
        0.23115423855882586,
        0.42378277069118075,
        0.5297284633639758,
        0.4334141972977985,
        0.6356741560367711,
        0.3082056514117678,
        0.6549370092500066,
        0.24078566516544359,
        0.6260427294301533,
        0.3082056514117678
      ],
      "nsig": 0,
      "nscr": 10
    },
    "notes": {
      "N": 7,
      "imp_mean": 0.4642347624389752,
      "imp_std": 0.1519080866522665,
      "nat_ret_mean": -0.030820565141176776,
      "imp_cross": 0.9,
      "nat_cross": 2.5,
      "M": 1.6,
      "M_pc02": 0.8999999999999999,
      "M_pc12": -0.3999999999999999,
      "reorganized": true,
      "maxX": 14,
      "per": [
        0.6260427294301533,
        0.5200970367573582,
        0.5971484496103002,
        0.3082056514117678,
        0.31783707801838557,
        0.3659942110514743,
        0.5489913165772115,
        0.17336567891911941,
        0.5489913165772115,
        0.6356741560367711
      ],
      "nat_per": [
        -0.14447139909926615,
        0.1541028257058839,
        -0.09631426606617743,
        -0.25041709177206134,
        -0.06741998624632421,
        -0.038525706426470976,
        -0.10594569267279519,
        -0.019262853213235488,
        0.24078566516544359,
        0.019262853213235488
      ],
      "nsig": 6,
      "nscr": 10
    },
    "months": {
      "N": 12,
      "imp_mean": 0.604530993249478,
      "imp_std": 0.06655441664842335,
      "nat_ret_mean": 0.1881789235346996,
      "imp_cross": 3.6,
      "nat_cross": 7.5,
      "M": 3.9,
      "M_pc02": 3.1000000000000005,
      "M_pc12": -1.2000000000000002,
      "reorganized": false,
      "maxX": 54,
      "per": [
        0.617468055727325,
        0.6528319039951859,
        0.6878141280011633,
        0.6237012520047538,
        0.518372955724938,
        0.6357860202977277,
        0.46354627010102445,
        0.6393478467419728,
        0.6532135282570691,
        0.553227971643621
      ],
      "nat_per": [
        0.23406288062181252,
        0.247928562136909,
        0.16155427086396845,
        0.16486168113362445,
        0.12288301232645159,
        0.00534273966636746,
        0.29830296470551654,
        0.27782246265110794,
        0.15074158344393904,
        0.21828907779729909
      ],
      "nsig": 10,
      "nscr": 10
    },
    "zodiac": {
      "N": 12,
      "imp_mean": 0.6117945750339919,
      "imp_std": 0.06735641675459311,
      "nat_ret_mean": 0.11091273131204257,
      "imp_cross": 3.4,
      "nat_cross": 10.5,
      "M": 7.1,
      "M_pc02": 8.399999999999999,
      "M_pc12": 3.1000000000000005,
      "reorganized": false,
      "maxX": 54,
      "per": [
        0.5209171174708274,
        0.7305560453321029,
        0.6720403251766498,
        0.6272630784489986,
        0.6229380034809869,
        0.5405071629141748,
        0.5597155840956387,
        0.6493972856382354,
        0.6658071288992211,
        0.528804018883084
      ],
      "nat_per": [
        0.24741972978773116,
        0.21790745353541568,
        0.31738417779968603,
        -0.027222530681015152,
        -0.03879846662481132,
        0.06220475468699257,
        -0.05075602683049087,
        0.050374402568607486,
        0.2750238847306297,
        0.05558993414768047
      ],
      "nsig": 10,
      "nscr": 10
    },
    "clock": {
      "N": 12,
      "imp_mean": 0.5746625343527381,
      "imp_std": 0.084703570825264,
      "nat_ret_mean": 0.2025152749727856,
      "imp_cross": 3.1,
      "nat_cross": 10.7,
      "M": 7.6,
      "M_pc02": 4.8999999999999995,
      "M_pc12": -1.4000000000000004,
      "reorganized": false,
      "maxX": 54,
      "per": [
        0.5916448140065489,
        0.5628957862780002,
        0.6398566790911505,
        0.5770158839676857,
        0.6055104955216455,
        0.6514326150349468,
        0.3556738120753195,
        0.5504293937231428,
        0.6757293597081891,
        0.5364365041207518
      ],
      "nat_per": [
        0.267136983318373,
        0.18330685379132164,
        0.1537945775390062,
        0.18445172657697181,
        0.25581546354916573,
        0.14145539307144323,
        0.14374513864274355,
        0.0534273966636746,
        0.2741334281195685,
        0.36788578845558795
      ],
      "nsig": 10,
      "nscr": 10
    }
  }
}