{
  "model": "google/gemma-4-E2B-it",
  "base": false,
  "noex": true,
  "res": {
    "days": {
      "N": 7,
      "imp_mean": 0.5990747349316237,
      "imp_std": 0.11013568962815883,
      "nat_ret_mean": -0.060677987621691784,
      "imp_cross": 0.4,
      "nat_cross": 3.7,
      "M": 3.3000000000000003,
      "M_pc02": 1.7,
      "M_pc12": 1.6,
      "reorganized": true,
      "maxX": 14,
      "per": [
        0.6164113028235356,
        0.5393598899705937,
        0.5297284633639758,
        0.7127255688897132,
        0.4623084771176517,
        0.7223569954963308,
        0.42378277069118075,
        0.6356741560367711,
        0.5682541697904469,
        0.7801455551360372
      ],
      "nat_per": [
        -0.028894279819853232,
        -0.12520854588603067,
        -0.39488849087132755,
        -0.2889427981985323,
        0.26967994498529685,
        -0.009631426606617744,
        0.019262853213235488,
        0.1541028257058839,
        -0.038525706426470976,
        -0.16373425231250166
      ],
      "nsig": 8,
      "nscr": 10
    },
    "notes": {
      "N": 7,
      "imp_mean": 0.7676247005474341,
      "imp_std": 0.05187576138878394,
      "nat_ret_mean": -0.02311542385588258,
      "imp_cross": 0.0,
      "nat_cross": 4.5,
      "M": 4.5,
      "M_pc02": 1.7999999999999998,
      "M_pc12": 1.6,
      "reorganized": true,
      "maxX": 14,
      "per": [
        0.751251275316184,
        0.8186712615625081,
        0.7994084083492727,
        0.8379341147757438,
        0.7416198487095663,
        0.7705141285294195,
        0.7994084083492727,
        0.6453055826433889,
        0.7319884221029486,
        0.7801455551360372
      ],
      "nat_per": [
        -0.25041709177206134,
        0.34673135783823883,
        -0.2600485183786791,
        -0.18299710552573714,
        0.3082056514117678,
        -0.038525706426470976,
        0.06741998624632421,
        -0.2793113715919146,
        -0.07705141285294195,
        0.13483997249264842
      ],
      "nsig": 10,
      "nscr": 10
    },
    "months": {
      "N": 12,
      "imp_mean": 0.5874723887432906,
      "imp_std": 0.12587175380136437,
      "nat_ret_mean": 0.23206571365128945,
      "imp_cross": 1.7,
      "nat_cross": 9.7,
      "M": 7.999999999999999,
      "M_pc02": 5.9,
      "M_pc12": 3.1,
      "reorganized": true,
      "maxX": 54,
      "per": [
        0.5453410702313642,
        0.532874677676507,
        0.8334673879533238,
        0.520026660859766,
        0.5313481806289733,
        0.3593628466068589,
        0.5957154727999717,
        0.7529446686959285,
        0.6546128172173082,
        0.5490301047629037
      ],
      "nat_per": [
        0.49254971400416203,
        0.25657871207293254,
        0.08243084056681223,
        0.22045161528130497,
        0.32234529320417005,
        0.22172369615424956,
        0.13305965931000865,
        0.24869181066067583,
        0.10036718087533157,
        0.24245861438324712
      ],
      "nsig": 10,
      "nscr": 10
    },
    "zodiac": {
      "N": 12,
      "imp_mean": 0.6634919417104619,
      "imp_std": 0.10078857872452016,
      "nat_ret_mean": 0.06266270380125263,
      "imp_cross": 1.1,
      "nat_cross": 13.8,
      "M": 12.700000000000001,
      "M_pc02": 9.399999999999999,
      "M_pc12": 8.6,
      "reorganized": true,
      "maxX": 54,
      "per": [
        0.42563826008727434,
        0.6443089621464567,
        0.7081674219682773,
        0.6719131170893553,
        0.6796728104143176,
        0.6889590007868135,
        0.5431785327473584,
        0.7715170494409201,
        0.7389517790935375,
        0.7626124833303077
      ],
      "nat_per": [
        0.12148372336621248,
        0.05482668562391369,
        0.3299777784418379,
        -0.020989334403586447,
        -0.12746250346905225,
        -0.11754027266008413,
        0.05062881874319641,
        0.043632373942000924,
        0.15392178562630063,
        0.13814798280178717
      ],
      "nsig": 10,
      "nscr": 10
    },
    "clock": {
      "N": 12,
      "imp_mean": 0.5959571681658312,
      "imp_std": 0.06938562643547876,
      "nat_ret_mean": 0.12393883945099562,
      "imp_cross": 2.9,
      "nat_cross": 12.0,
      "M": 9.1,
      "M_pc02": 7.4,
      "M_pc12": 7.1000000000000005,
      "reorganized": true,
      "maxX": 54,
      "per": [
        0.5340195504621571,
        0.6071642006564735,
        0.6645350480262765,
        0.565567156111184,
        0.7105843756268722,
        0.5475036077153702,
        0.62102988217157,
        0.4589667789584237,
        0.5936801434032604,
        0.6565209385267252
      ],
      "nat_per": [
        0.1408193526349709,
        0.047194200386245895,
        0.07390789871808319,
        -0.10494667201793224,
        0.23469892105828483,
        0.2137095866546984,
        0.021625374840058765,
        0.10723641758923258,
        0.2036601477584358,
        0.3014831668878781
      ],
      "nsig": 10,
      "nscr": 10
    }
  }
}