{
  "model": "meta-llama/Llama-3.1-8B-Instruct",
  "base": false,
  "noex": true,
  "res": {
    "days": {
      "N": 7,
      "imp_mean": 0.0009631426606617699,
      "imp_std": 0.2652911726913991,
      "nat_ret_mean": 0.7753298418327284,
      "imp_cross": 4.5,
      "nat_cross": 0.2,
      "M": -4.3,
      "M_pc02": -1.7999999999999998,
      "M_pc12": -1.4,
      "reorganized": false,
      "maxX": 14,
      "per": [
        0.26967994498529685,
        0.009631426606617744,
        -0.3563627844448566,
        -0.23115423855882586,
        0.5008341835441227,
        0.26967994498529685,
        -0.23115423855882586,
        -0.057788559639706465,
        0.08668283945955971,
        -0.25041709177206134
      ],
      "nat_per": [
        0.8283026881691259,
        0.751251275316184,
        0.7705141285294195,
        0.7994084083492727,
        0.7994084083492727,
        0.751251275316184,
        0.7030941422830953,
        0.7801455551360372,
        0.8090398349558905,
        0.7608827019228018
      ],
      "nsig": 1,
      "nscr": 10
    },
    "months": {
      "N": 12,
      "imp_mean": 0.226837461263487,
      "imp_std": 0.14663386964892716,
      "nat_ret_mean": 0.6417266379743791,
      "imp_cross": 8.2,
      "nat_cross": 1.5,
      "M": -6.699999999999999,
      "M_pc02": -2.7,
      "M_pc12": -6.7,
      "reorganized": false,
      "maxX": 54,
      "per": [
        0.18725030449745,
        0.0510104430050798,
        0.4070658793422827,
        0.08739195597129631,
        0.04922952978295731,
        0.3612709679162759,
        0.26077657895364986,
        0.07441673106726104,
        0.3895111632956467,
        0.40045105880297055
      ],
      "nat_per": [
        0.5595883760083441,
        0.5987684668950389,
        0.7464570562439109,
        0.6240828762666372,
        0.5677296935951899,
        0.6590651002726144,
        0.6396022629165616,
        0.6507965745984744,
        0.797849123510874,
        0.5733268494361462
      ],
      "nsig": 5,
      "nscr": 10
    }
  }
}