{
  "model": "google/gemma-4-E2B",
  "base": true,
  "noex": false,
  "res": {
    "months": {
      "N": 12,
      "imp_mean": 0.4463736377118182,
      "imp_std": 0.11213620872981958,
      "nat_ret_mean": 0.43193552431818805,
      "imp_cross": 3.3,
      "nat_cross": 3.6,
      "M": 0.30000000000000027,
      "M_pc02": -1.7999999999999998,
      "M_pc12": -6.0,
      "reorganized": true,
      "maxX": 54,
      "per": [
        0.2852005317141868,
        0.6561393142648418,
        0.5041256499479582,
        0.36597766714617097,
        0.45044383710969466,
        0.4401445759943069,
        0.31344072709355764,
        0.6057649116962344,
        0.3932001978271862,
        0.4492989643240445
      ],
      "nat_per": [
        0.5062881874319641,
        0.5870653228639483,
        0.3629246730511039,
        0.45413287164123406,
        0.3108965653476684,
        0.4444696961052336,
        0.47575824648129283,
        0.42233084981761826,
        0.3713204068125384,
        0.3841684236292792
      ],
      "nsig": 10,
      "nscr": 10
    },
    "zodiac": {
      "N": 12,
      "imp_mean": 0.5468166840439801,
      "imp_std": 0.08998706209252601,
      "nat_ret_mean": 0.10508660091395616,
      "imp_cross": 3.0,
      "nat_cross": 7.6,
      "M": 4.6,
      "M_pc02": 7.800000000000001,
      "M_pc12": 2.5,
      "reorganized": true,
      "maxX": 54,
      "per": [
        0.5821042074594642,
        0.5181185395503491,
        0.3766631464789059,
        0.6993900639449593,
        0.5069242278684364,
        0.570782687690257,
        0.48835184712344476,
        0.6188673446875641,
        0.6424008408370399,
        0.46456393479938013
      ],
      "nat_per": [
        0.07098211271031055,
        0.1817803567437881,
        0.08179480013033992,
        0.3414265062983396,
        0.07314465019431642,
        -0.037271969577277755,
        -0.004961115404484069,
        0.17045883697458084,
        0.06513054069476523,
        0.10838129037488275
      ],
      "nsig": 10,
      "nscr": 10
    },
    "days": {
      "N": 7,
      "imp_mean": 0.24656452112941424,
      "imp_std": 0.22518596726167683,
      "nat_ret_mean": 0.5229864647393435,
      "imp_cross": 2.6,
      "nat_cross": 1.1,
      "M": -1.5,
      "M_pc02": -1.0999999999999999,
      "M_pc12": -2.0,
      "reorganized": false,
      "maxX": 14,
      "per": [
        0.40451991747794525,
        0.6164113028235356,
        0.21189138534559038,
        0.24078566516544359,
        0.3659942110514743,
        -0.16373425231250166,
        0.11557711927941293,
        0.18299710552573714,
        -0.019262853213235488,
        0.5104656101507404
      ],
      "nat_per": [
        0.45267705051103396,
        0.5489913165772115,
        0.5586227431838292,
        0.5393598899705937,
        0.6067798762169179,
        0.7319884221029486,
        0.42378277069118075,
        0.337099931231621,
        0.4430456239044162,
        0.5875170230036825
      ],
      "nsig": 2,
      "nscr": 10
    }
  }
}