{
  "model": "Qwen/Qwen3.5-9B-Base",
  "base": true,
  "noex": false,
  "res": {
    "months": {
      "N": 12,
      "imp_mean": 0.6471202608756643,
      "imp_std": 0.04184842346825297,
      "nat_ret_mean": 0.15413803937470122,
      "imp_cross": 2.1,
      "nat_cross": 8.6,
      "M": 6.5,
      "M_pc02": 5.3999999999999995,
      "M_pc12": 1.2000000000000002,
      "reorganized": true,
      "maxX": 54,
      "per": [
        0.5934257272286714,
        0.7140189939838226,
        0.5912631897446655,
        0.7105843756268722,
        0.6273902865362931,
        0.6473619562415239,
        0.674584486922539,
        0.6050016631724676,
        0.6541039848681305,
        0.6534679444316582
      ],
      "nat_per": [
        -0.018190756483108257,
        0.2868542368490148,
        0.18203477291837705,
        0.18941284198145591,
        0.23393567253451805,
        0.04032496367234487,
        0.20556826906785275,
        0.25352571797786544,
        0.12415509319939622,
        0.043759582029295384
      ],
      "nsig": 10,
      "nscr": 10
    },
    "zodiac": {
      "N": 12,
      "imp_mean": 0.5336124845828148,
      "imp_std": 0.07078957587728349,
      "nat_ret_mean": 0.14209143350791556,
      "imp_cross": 4.7,
      "nat_cross": 11.5,
      "M": 6.8,
      "M_pc02": 5.4,
      "M_pc12": -0.8000000000000007,
      "reorganized": true,
      "maxX": 54,
      "per": [
        0.5518286826833819,
        0.6533407363443636,
        0.5548816767784491,
        0.6128885645847243,
        0.502980777162308,
        0.5463587349297201,
        0.4798289052747157,
        0.4321258725392919,
        0.579305629538986,
        0.4225852659922072
      ],
      "nat_per": [
        0.15862848485619577,
        0.22032440719401047,
        0.030529940950671193,
        0.5057793550827862,
        0.09629652208190873,
        -0.0036890345315394365,
        0.009286190372495824,
        0.12339184467562943,
        0.033710143133032784,
        0.2466564812639644
      ],
      "nsig": 10,
      "nscr": 10
    },
    "days": {
      "N": 7,
      "imp_mean": 0.11461397661875114,
      "imp_std": 0.19408937749501062,
      "nat_ret_mean": 0.18299710552573717,
      "imp_cross": 3.3,
      "nat_cross": 2.0,
      "M": -1.2999999999999998,
      "M_pc02": 0.0,
      "M_pc12": 0.3999999999999999,
      "reorganized": false,
      "maxX": 14,
      "per": [
        0.04815713303308872,
        0.5682541697904469,
        0.019262853213235488,
        0.16373425231250166,
        -0.028894279819853232,
        -0.11557711927941293,
        0.009631426606617744,
        -0.038525706426470976,
        0.21189138534559038,
        0.3082056514117678
      ],
      "nat_per": [
        0.24078566516544359,
        0.34673135783823883,
        0.17336567891911941,
        0.2985742248051501,
        -0.10594569267279519,
        0.6645684358566244,
        0.0,
        -0.21189138534559038,
        -0.04815713303308872,
        0.4719399037242695
      ],
      "nsig": 1,
      "nscr": 10
    }
  }
}